{
  "description": "Positions of Photo Studio background",
  "photoStudioWalls": [
    {
      "x": 0.0,
      "y": -0.4,
      "z": -2500,
      "rotateX": 0,
      "rotateY": 0
    },
    {
      "x": 2.0,
      "y": -0.3,
      "z": -2000,
      "rotateX": 0,
      "rotateY": -90
    },
    {
      "x": -2.0,
      "y": -0.3,
      "z": -2000,
      "rotateX": 0,
      "rotateY": 90
    },
    {
      "x": 0.0,
      "y": -1.0,
      "z": -1000,
      "rotateX": 90,
      "rotateY": 0
    }
  ]
}
