{
  "description": "Positions of rows of books",
  "bookSeries": [
    { "x": 0.01, "y": 0.25 },
    { "x": -1.0, "y": 0.25 },
    { "x": 0.8, "y": 0.25 },
    {
      "x": 0.95,
      "y": 0.03
    },
    {
      "x": -0.2,
      "y": 0.03
    },
    { "x": -1.2, "y": 0.03 },
    { "x": -1.0, "y": -0.18 },
    { "x": 0.8, "y": -0.18 },
    { "x": 0.01, "y": -0.18 },
    { "x": -0.1, "y": -0.45 },
    { "x": -1.2, "y": -0.45 },
    { "x": 0.95, "y": -0.45 },
    { "x": -0.2, "y": -0.7 },
    { "x": -1.0, "y": -0.7 },
    { "x": 0.8, "y": -0.7 }
  ]
}
