{
  "description": "Properties of Hall buildings",
  "buildings": [
    {
      "x": 0.0,
      "y": 0.0,
      "z": -600,
      "w": 0.5,
      "h": 0.7,
      "d": 100
    },
    {
      "x": 0.4,
      "y": 0.075,
      "z": -0.05,
      "w": 0.2,
      "h": 0.7,
      "d": 100
    },
    {
      "x": 0.4,
      "y": 0.0,
      "z": 250,
      "w": 0.2,
      "h": 1.0,
      "d": 200
    },
    {
      "x": -0.3,
      "y": 0.075,
      "z": -0.3,
      "w": 0.3,
      "h": 1.0,
      "d": 100
    },
    {
      "x": -0.4,
      "y": 0.1,
      "z": 300,
      "w": 0.1,
      "h": 0.7,
      "d": 100
    }
  ]
}
